{
    "Count": 1, 
    "Knots": [
        [
            0.0
        ], 
        [
            1.0
        ], 
        [
            2.0
        ], 
        [
            3.0
        ], 
        [
            4.0
        ], 
        [
            5.0
        ], 
        [
            6.0
        ], 
        [
            7.0
        ]
    ], 
    "Name": "Arrow", 
    "Degree": [
        1
    ], 
    "NbKnots": [
        8
    ], 
    "NbControlPoints": [
        7
    ], 
    "Closed": [
        true
    ], 
    "Parameterization": [
        1
    ], 
    "ControlPoints": [
        [
            -0.5, 
            0.25, 
            0.25, 
            0.5, 
            0.25, 
            0.25, 
            -0.5
        ], 
        [
            0.0, 
            0.0, 
            0.0, 
            0.0, 
            0.0, 
            0.0, 
            0.0
        ], 
        [
            0.05000002309679985, 
            0.049999989569187164, 
            0.14999999105930328, 
            -2.1855694143368964e-08, 
            -0.15000002086162567, 
            -0.050000011920928955, 
            -0.04999997839331627
        ], 
        [
            1.0, 
            1.0, 
            1.0, 
            1.0, 
            1.0, 
            1.0, 
            1.0
        ]
    ]
}