{
    "Count": 1, 
    "Knots": [
        [
            0.0
        ], 
        [
            1.0
        ], 
        [
            2.0
        ], 
        [
            3.0
        ], 
        [
            4.0
        ], 
        [
            5.0
        ], 
        [
            6.0
        ], 
        [
            7.0
        ], 
        [
            8.0
        ], 
        [
            9.0
        ], 
        [
            10.0
        ], 
        [
            11.0
        ], 
        [
            12.0
        ], 
        [
            13.0
        ], 
        [
            14.0
        ], 
        [
            15.0
        ], 
        [
            16.0
        ]
    ], 
    "Name": "Circle", 
    "Degree": [
        1
    ], 
    "NbKnots": [
        17
    ], 
    "NbControlPoints": [
        16
    ], 
    "Closed": [
        true
    ], 
    "Parameterization": [
        1
    ], 
    "ControlPoints": [
        [
            8.3638118653084348e-09, 
            1.5454309831852697e-08, 
            2.0192027605503426e-08, 
            2.1855694143368964e-08, 
            2.0192027605503426e-08, 
            1.5454309831852697e-08, 
            8.3638118653084348e-09, 
            3.0616171314629196e-17, 
            -8.3638118653084348e-09, 
            -1.5454309831852697e-08, 
            -2.0192027605503426e-08, 
            -2.1855694143368964e-08, 
            -2.0192027605503426e-08, 
            -1.5454309831852697e-08, 
            -8.3638118653084348e-09, 
            -3.0616174623351647e-17
        ], 
        [
            0.46193975210189819, 
            0.35355338454246521, 
            0.19134171307086945, 
            0.0, 
            -0.19134171307086945, 
            -0.35355338454246521, 
            -0.46193975210189819, 
            -0.5, 
            -0.46193975210189819, 
            -0.35355338454246521, 
            -0.19134171307086945, 
            -6.1232342629258393e-17, 
            0.19134171307086945, 
            0.35355338454246521, 
            0.46193975210189819, 
            0.5
        ], 
        [
            0.19134171307086945, 
            0.35355338454246521, 
            0.46193975210189819, 
            0.5, 
            0.46193975210189819, 
            0.35355338454246521, 
            0.19134171307086945, 
            3.0616171314629196e-17, 
            -0.19134171307086945, 
            -0.35355338454246521, 
            -0.46193975210189819, 
            -0.5, 
            -0.46193975210189819, 
            -0.35355338454246521, 
            -0.19134171307086945, 
            -9.1848507326442689e-17
        ], 
        [
            1.0, 
            1.0, 
            1.0, 
            1.0, 
            1.0, 
            1.0, 
            1.0, 
            1.0, 
            1.0, 
            1.0, 
            1.0, 
            1.0, 
            1.0, 
            1.0, 
            1.0, 
            1.0
        ]
    ]
}