{
    "Count": 3, 
    "Knots": [
        [
            0.0, 
            0.0, 
            0.0
        ], 
        [
            1.0, 
            1.0, 
            1.0
        ]
    ], 
    "Name": "Null", 
    "Degree": [
        1, 
        1, 
        1
    ], 
    "NbKnots": [
        2, 
        2, 
        2
    ], 
    "NbControlPoints": [
        2, 
        2, 
        2
    ], 
    "Closed": [
        false, 
        false, 
        false
    ], 
    "Parameterization": [
        1, 
        1, 
        1
    ], 
    "ControlPoints": [
        [
            -2.7755575615628914e-17, 
            -2.7755575615628914e-17, 
            -0.5, 
            0.5, 
            -2.7755575615628914e-17, 
            -2.7755575615628914e-17
        ], 
        [
            0.0, 
            0.0, 
            0.0, 
            0.0, 
            0.5, 
            -0.5
        ], 
        [
            0.5, 
            -0.5, 
            3.0616171314629196e-17, 
            -3.0616171314629196e-17, 
            -3.0616171314629196e-17, 
            3.0616171314629196e-17
        ], 
        [
            1.0, 
            1.0, 
            1.0, 
            1.0, 
            1.0, 
            1.0
        ]
    ]
}