{
    "Count": 1, 
    "Knots": [
        [
            0.0
        ], 
        [
            1.0
        ], 
        [
            2.0
        ], 
        [
            3.0
        ], 
        [
            4.0
        ], 
        [
            5.0
        ], 
        [
            6.0
        ], 
        [
            7.0
        ], 
        [
            8.0
        ], 
        [
            9.0
        ], 
        [
            10.0
        ], 
        [
            11.0
        ], 
        [
            12.0
        ], 
        [
            13.0
        ], 
        [
            14.0
        ], 
        [
            15.0
        ], 
        [
            16.0
        ], 
        [
            17.0
        ], 
        [
            18.0
        ], 
        [
            19.0
        ], 
        [
            20.0
        ]
    ], 
    "Name": "Rounded_Square", 
    "Degree": [
        1
    ], 
    "NbKnots": [
        21
    ], 
    "NbControlPoints": [
        20
    ], 
    "Closed": [
        true
    ], 
    "Parameterization": [
        1
    ], 
    "ControlPoints": [
        [
            1.4661713620967021e-08, 
            -1.4661713620967021e-08, 
            -1.7395302975842242e-08, 
            -1.9689396779654089e-08, 
            -2.1268144578812098e-08, 
            -2.1855694143368964e-08, 
            -2.1855694143368964e-08, 
            -2.1268144578812098e-08, 
            -1.9689396779654089e-08, 
            -1.7395302975842242e-08, 
            -1.4661713620967021e-08, 
            1.4661713620967021e-08, 
            1.7395302975842242e-08, 
            1.9689396779654089e-08, 
            2.1268144578812098e-08, 
            2.1855694143368964e-08, 
            2.1855694143368964e-08, 
            2.1268144578812098e-08, 
            1.9689396779654089e-08, 
            1.7395302975842242e-08
        ], 
        [
            0.33542090654373169, 
            -0.33542090654373169, 
            -0.39795815944671631, 
            -0.450440913438797, 
            -0.48655843734741211, 
            -0.5, 
            -0.5, 
            -0.48655843734741211, 
            -0.450440913438797, 
            -0.39795815944671631, 
            -0.33542090654373169, 
            0.33542090654373169, 
            0.39795815944671631, 
            0.450440913438797, 
            0.48655843734741211, 
            0.5, 
            0.5, 
            0.48655843734741211, 
            0.450440913438797, 
            0.39795815944671631
        ], 
        [
            -0.5, 
            -0.5, 
            -0.48655843734741211, 
            -0.450440913438797, 
            -0.39795815944671631, 
            -0.33542090654373169, 
            0.33542090654373169, 
            0.39795815944671631, 
            0.450440913438797, 
            0.48655843734741211, 
            0.5, 
            0.5, 
            0.48655843734741211, 
            0.450440913438797, 
            0.39795815944671631, 
            0.33542090654373169, 
            -0.33542090654373169, 
            -0.39795815944671631, 
            -0.450440913438797, 
            -0.48655843734741211
        ], 
        [
            1.0, 
            1.0, 
            1.0, 
            1.0, 
            1.0, 
            1.0, 
            1.0, 
            1.0, 
            1.0, 
            1.0, 
            1.0, 
            1.0, 
            1.0, 
            1.0, 
            1.0, 
            1.0, 
            1.0, 
            1.0, 
            1.0, 
            1.0
        ]
    ]
}