{
    "Count": 1, 
    "Knots": [
        [
            0.0
        ], 
        [
            1.0
        ], 
        [
            2.0
        ], 
        [
            3.0
        ], 
        [
            4.0
        ]
    ], 
    "Name": "Square", 
    "Degree": [
        1
    ], 
    "NbKnots": [
        5
    ], 
    "NbControlPoints": [
        4
    ], 
    "Closed": [
        true
    ], 
    "Parameterization": [
        1
    ], 
    "ControlPoints": [
        [
            2.1855694143368964e-08, 
            2.1855694143368964e-08, 
            -2.1855694143368964e-08, 
            -2.1855694143368964e-08
        ], 
        [
            -0.5, 
            -0.5, 
            0.5, 
            0.5
        ], 
        [
            -0.5, 
            0.5, 
            0.5, 
            -0.5
        ], 
        [
            1.0, 
            1.0, 
            1.0, 
            1.0
        ]
    ]
}