{
    "Count": 10, 
    "Knots": [
        [
            0.0, 
            0.0, 
            0.0, 
            0.0, 
            0.0, 
            0.0, 
            0.0, 
            0.0, 
            0.0, 
            0.0
        ], 
        [
            1.0, 
            1.0, 
            1.0, 
            1.0, 
            1.0, 
            1.0, 
            1.0, 
            1.0, 
            1.0, 
            1.0
        ], 
        [
            null, 
            null, 
            null, 
            null, 
            null, 
            2.0, 
            2.0, 
            null, 
            null, 
            2.0
        ], 
        [
            null, 
            null, 
            null, 
            null, 
            null, 
            3.0, 
            3.0, 
            null, 
            null, 
            null
        ], 
        [
            null, 
            null, 
            null, 
            null, 
            null, 
            null, 
            4.0, 
            null, 
            null, 
            null
        ]
    ], 
    "Name": "Standard_Bone", 
    "Degree": [
        1, 
        1, 
        1, 
        1, 
        1, 
        1, 
        1, 
        1, 
        1, 
        1
    ], 
    "NbKnots": [
        2, 
        2, 
        2, 
        2, 
        2, 
        4, 
        5, 
        2, 
        2, 
        3
    ], 
    "NbControlPoints": [
        2, 
        2, 
        2, 
        2, 
        2, 
        4, 
        4, 
        2, 
        2, 
        3
    ], 
    "Closed": [
        false, 
        false, 
        false, 
        false, 
        false, 
        false, 
        true, 
        false, 
        false, 
        false
    ], 
    "Parameterization": [
        1, 
        1, 
        1, 
        1, 
        1, 
        1, 
        1, 
        1, 
        1, 
        1
    ], 
    "ControlPoints": [
        [
            0.125, 
            0.125, 
            0.0, 
            0.125, 
            0.125, 
            1.0, 
            1.0, 
            0.125, 
            0.125, 
            0.0, 
            0.125, 
            0.125, 
            1.0, 
            0.125, 
            0.125, 
            0.125, 
            0.125, 
            0.0, 
            0.125, 
            0.125, 
            0.125, 
            0.125, 
            0.125, 
            0.125, 
            0.125
        ], 
        [
            -0.2474873661994934, 
            5.551115123125783e-17, 
            0.0, 
            0.2474873661994934, 
            5.551115123125783e-17, 
            0.0, 
            0.0, 
            -5.551115123125783e-17, 
            -0.2474873661994934, 
            0.0, 
            -5.551115123125783e-17, 
            -0.2474873661994934, 
            0.0, 
            0.2474873661994934, 
            5.551115123125783e-17, 
            0.2474873661994934, 
            -5.551115123125783e-17, 
            0.0, 
            0.25, 
            0.0, 
            0.0, 
            0.0, 
            0.0, 
            0.0, 
            -0.25
        ], 
        [
            5.551115123125783e-17, 
            0.2474873661994934, 
            0.0, 
            -5.551115123125783e-17, 
            0.2474873661994934, 
            0.0, 
            0.0, 
            -0.2474873661994934, 
            5.551115123125783e-17, 
            0.0, 
            -0.2474873661994934, 
            5.551115123125783e-17, 
            0.0, 
            -5.551115123125783e-17, 
            0.2474873661994934, 
            -5.551115123125783e-17, 
            -0.2474873661994934, 
            0.0, 
            0.0, 
            0.0, 
            0.0, 
            -0.25, 
            0.25, 
            0.0, 
            0.0
        ], 
        [
            1.0, 
            1.0, 
            1.0, 
            1.0, 
            1.0, 
            1.0, 
            1.0, 
            1.0, 
            1.0, 
            1.0, 
            1.0, 
            1.0, 
            1.0, 
            1.0, 
            1.0, 
            1.0, 
            1.0, 
            1.0, 
            1.0, 
            1.0, 
            1.0, 
            1.0, 
            1.0, 
            1.0, 
            1.0
        ]
    ]
}