{
    "Count": 1, 
    "Knots": [
        [
            0.0
        ], 
        [
            1.0
        ], 
        [
            2.0
        ], 
        [
            3.0
        ]
    ], 
    "Name": "Triangle", 
    "Degree": [
        1
    ], 
    "NbKnots": [
        4
    ], 
    "NbControlPoints": [
        3
    ], 
    "Closed": [
        true
    ], 
    "Parameterization": [
        1
    ], 
    "ControlPoints": [
        [
            -2.1855694143368964e-08, 
            -0.4330126941204071, 
            0.4330126941204071
        ], 
        [
            -3.0616171314629196e-17, 
            -3.0616171314629196e-17, 
            -3.0616171314629196e-17
        ], 
        [
            0.5, 
            -0.2500000298023224, 
            -0.2499999850988388
        ], 
        [
            1.0, 
            1.0, 
            1.0
        ]
    ]
}